B1,B2,B3,B4,B5,B6,B7,B8,B8A,B9,B11,B12,label
1516.5,3050.5,2659.5,2613.0,2718.0,3064.0,2730.0,2626.5,2863.5,3540.0,3073.0,3170.0,tambang
1429.0,4652.5,3705.5,1858.0,2035.0,2320.0,3103.0,3533.5,3852.0,3600.0,4339.0,3780.5,tambang
1412.5,3932.0,3451.0,1509.0,1697.0,1937.0,2981.5,3327.0,3578.0,3294.0,3915.5,3457.0,tambang
2791.5,5090.5,4312.5,2724.0,2724.0,2801.0,2989.0,2996.5,3157.5,3304.0,3550.5,5534.0,tambang
1289.5,4919.5,3877.5,1501.0,1616.0,1652.0,1826.0,2038.5,2296.0,2652.0,2913.0,2423.0,tambang
1986.5,5029.5,4164.5,2459.0,2490.0,2592.0,2589.0,2611.0,2769.5,3357.5,3142.0,2789.0,tambang
1550.0,4179.0,3490.0,1665.0,1654.0,1769.0,1722.5,1759.5,1937.5,2195.5,2297.0,2116.5,tambang
1659.5,5821.0,5159.0,1969.0,2078.0,2212.0,2395.5,2478.5,2719.5,2922.5,3196.5,2708.5,tambang
1420.5,4359.0,3532.0,1606.0,1693.0,1759.0,1766.5,1836.0,2016.5,2313.5,2456.5,2214.0,tambang
1875.5,5043.5,4203.5,1894.0,1938.0,2077.0,2141.0,2316.0,2523.0,2730.0,3030.5,2713.5,tambang
758.0,3260.5,2132.0,484.5,754.0,875.0,1321.0,1866.5,2161.0,2468.5,2663.0,2340.0,tambang
5064.0,5163.5,3918.0,4766.0,4673.0,4697.0,5029.5,5051.5,5085.5,5128.5,5238.0,8321.5,tambang
2527.5,5236.5,4288.5,2534.0,2551.0,2597.0,2707.5,2986.5,3220.0,3544.5,3739.5,4814.5,tambang
3910.0,4034.5,3088.0,3538.0,3409.5,3437.0,3808.5,3928.0,3970.0,3799.0,4170.5,6766.0,tambang
1121.5,3790.0,2924.5,1063.0,1146.5,1228.0,1549.5,1917.5,2111.0,2273.5,2625.5,2224.0,tambang
2204.5,4919.0,4237.5,2039.0,2170.0,2331.0,2528.5,2696.0,2883.5,2965.0,3312.0,4873.0,tambang
1799.0,5290.0,4416.0,1237.0,1401.0,1545.0,2170.5,2414.5,2675.0,2796.5,3333.5,3090.5,tambang
1395.0,5160.0,4345.0,1968.0,2154.0,2391.0,2284.5,2396.5,2639.5,3288.5,3291.5,2510.0,tambang
1266.0,4872.5,4113.5,1342.0,1547.0,1830.0,2010.0,2148.5,2387.5,2537.0,2921.5,2446.5,tambang
1087.5,4110.0,3424.5,1461.0,1661.0,1849.0,1763.0,1899.5,2133.5,2525.5,2525.0,2072.0,tambang
1280.0,4467.0,3782.5,1290.0,1360.0,1433.0,1544.5,1662.0,1819.5,2078.0,2271.5,2109.5,tambang
2542.0,4405.0,3844.5,2780.0,2948.0,3157.0,3522.5,3537.0,3600.5,3600.0,3742.0,4756.0,tambang
2327.5,2629.5,2402.5,2024.0,2201.0,2343.0,2580.5,2475.5,2495.0,2264.0,2530.5,4314.0,tambang
2220.5,2439.0,2208.5,2254.0,2353.0,2423.0,2578.0,2469.0,2430.5,2313.5,2413.0,3911.5,tambang
4220.5,5476.0,4536.0,4089.0,4061.0,4132.0,4337.5,4303.0,4355.5,4373.0,4660.5,7588.5,tambang
1977.5,5075.5,4279.5,2276.0,2413.0,2533.0,2465.0,2579.5,2779.0,3220.5,3236.5,2708.5,tambang
4492.5,6123.5,4982.0,4435.0,4334.0,4383.0,4692.5,4635.5,4721.0,4819.0,5046.5,8263.5,tambang
3522.0,5432.5,4550.5,3489.0,3402.0,3510.0,3875.0,3906.5,3985.0,3967.0,4346.5,6728.0,tambang
2104.0,7012.5,5923.5,2300.0,2402.0,2577.0,2778.5,2980.5,3260.5,3581.5,3985.0,3376.0,tambang
3028.0,6790.5,5844.5,3051.0,3235.0,3457.0,3610.0,3811.0,4110.5,4228.0,4768.5,4041.0,tambang
392.5,2563.0,1617.0,417.5,606.0,699.0,1071.5,1574.0,1802.5,1952.5,2179.5,1939.0,tambang
502.5,2940.5,2092.0,585.5,740.5,848.0,1140.5,1479.5,1722.0,1755.5,2111.5,1871.5,tambang
1526.5,3973.5,3352.5,1539.0,1694.0,1782.0,2126.5,2393.0,2592.0,2691.5,2999.5,2489.0,tambang
665.5,3466.5,2567.0,792.0,932.5,1049.0,1374.5,1729.0,1993.0,2131.0,2456.0,2118.5,tambang
849.0,4320.5,3572.5,1574.0,1676.0,1790.0,1877.5,2069.5,2330.0,2534.5,2844.5,2213.5,tambang
1211.0,4113.0,3254.5,1181.0,1299.0,1339.0,1478.0,1720.5,1919.0,2213.0,2417.5,2254.0,tambang
2628.5,4106.0,3481.5,2444.0,2351.0,2450.0,2604.0,2765.0,2858.0,3103.5,3154.0,4346.5,tambang
4485.0,5291.0,4194.0,4856.0,4660.0,4616.0,4748.5,4650.5,4699.5,4938.0,4880.5,7441.5,tambang
2862.0,3637.5,2901.5,2621.0,2617.0,2707.0,2845.0,2838.0,2914.0,2996.5,3145.0,5288.0,tambang
4719.0,5168.0,4186.0,4136.0,3904.0,3820.0,4138.0,4055.0,3982.0,4176.0,4098.0,11179.0,tambang
3450.5,5715.0,4869.5,3662.0,3407.0,3311.0,3446.0,3460.5,3596.5,3952.0,4038.0,5730.5,tambang
1995.0,4717.0,3882.5,2030.0,1957.0,1977.0,2140.0,2212.0,2424.5,2649.5,2880.5,3993.0,tambang
1367.5,3700.0,2939.5,1150.0,1187.0,1264.0,1509.5,1666.5,1849.0,1997.5,2255.5,3267.5,tambang
2807.5,3395.0,3141.0,2843.0,2950.0,3031.0,3249.5,3232.5,3235.0,3143.5,3203.5,4726.0,tambang
1488.0,5479.5,4706.5,1500.0,1693.0,1821.0,1959.0,2076.5,2312.0,2506.0,2801.5,2461.0,tambang
495.5,2285.0,1637.0,652.0,742.0,742.0,950.5,1365.0,1547.5,1787.0,1867.0,1702.0,tambang
1176.5,4100.5,3168.5,1038.0,1150.0,1308.0,1677.5,2040.5,2325.5,2455.5,2797.0,2416.0,tambang
687.5,2589.0,2053.5,311.0,549.0,507.0,994.0,1043.5,1194.0,997.5,1517.0,1675.5,tambang
688.0,3748.5,2854.5,704.0,818.5,881.5,1105.0,1384.0,1611.0,1700.0,2074.5,1886.0,tambang
695.5,2478.0,1735.5,464.5,570.0,649.0,981.0,1406.5,1630.5,1528.5,2004.5,1798.0,tambang
1276.0,3632.5,2820.5,1501.0,1621.0,1641.0,1715.0,2023.5,2234.5,2450.0,2615.0,2303.0,tambang
1892.0,5836.5,4813.5,1847.0,1893.0,2071.0,2332.5,2481.5,2759.0,2885.0,3428.0,2987.5,tambang
1089.0,3283.0,2591.5,972.0,1082.0,1214.0,1327.5,1379.5,1541.5,1686.0,1835.5,2494.0,tambang
1872.5,5576.5,4575.0,1801.0,1898.0,2082.0,2190.0,2319.0,2542.0,2833.5,3041.5,2903.5,tambang
2004.5,5939.5,4935.0,1957.0,2002.0,2140.0,2180.5,2337.0,2596.5,2985.0,3226.0,3145.0,tambang
5386.5,5853.0,4411.5,5482.0,5368.0,5381.0,5673.0,5607.5,5695.0,5772.0,5988.5,8929.0,tambang
1472.5,3113.5,2348.5,1128.5,1152.0,1245.0,1500.5,1740.0,1961.0,2073.0,2281.5,3435.5,tambang
1349.5,6107.0,5423.5,1758.0,1928.0,2018.0,2190.5,2323.5,2573.5,2756.0,3136.0,2434.5,tambang
1031.0,3945.0,3230.5,938.5,1064.0,1155.0,1397.5,1607.5,1810.0,1964.0,2206.5,1927.0,tambang
1263.5,4764.5,4065.0,1463.0,1587.0,1710.0,1663.0,1766.0,1976.0,2334.5,2451.5,1956.5,tambang
1913.5,5898.0,4979.5,2020.0,2211.0,2335.0,2637.0,2810.5,3090.5,3334.5,3839.5,3125.0,tambang
3654.5,4310.0,3708.0,3045.0,3122.0,3311.0,3608.0,3586.5,3615.5,3405.0,3680.5,6419.0,tambang
2438.5,5296.0,4432.0,2026.0,2073.0,2155.0,2214.0,2283.5,2429.0,2757.5,2924.0,5490.0,tambang
1211.0,4143.0,3348.0,1418.0,1452.0,1523.0,1546.0,1637.5,1766.0,2138.5,2116.0,2032.5,tambang
1989.5,5523.0,4640.5,1866.0,2062.0,2238.0,2343.5,2570.0,2842.0,3346.5,3427.0,3027.0,tambang
4220.0,5162.0,4183.5,4451.0,4414.0,4510.0,4638.0,4602.5,4718.5,4768.0,4961.0,7459.0,tambang
2725.0,5627.0,4828.5,2602.0,2650.0,2795.0,2890.0,2994.0,3241.5,3447.0,3745.0,3465.5,tambang
1515.0,3280.0,2753.5,1544.0,1534.0,1554.0,1783.0,1969.5,2099.5,2279.0,2419.0,3648.0,tambang
837.5,3355.0,2888.0,829.0,896.0,1024.0,1192.5,1224.5,1404.5,1568.0,1785.0,1916.0,tambang
2825.0,4346.0,3802.0,2653.0,2664.0,2721.0,2924.0,2948.5,3134.5,3235.0,3458.5,5141.0,tambang
1101.0,3775.0,3098.5,1400.0,1521.0,1704.0,1789.0,1925.5,2112.5,2336.5,2493.0,2094.0,tambang
1913.5,6340.0,5527.5,2438.0,2675.0,2950.0,2990.5,3133.0,3459.0,3858.0,4039.5,3277.5,tambang
1798.0,6101.0,5210.5,2228.0,2337.0,2679.0,2694.5,2835.0,3123.0,3558.5,3682.0,2990.5,tambang
2050.5,6696.0,5936.5,2354.0,2632.0,2915.0,3221.5,3451.5,3759.5,3892.0,4398.0,3940.0,tambang
1649.5,6062.0,5265.0,1671.0,1801.0,1960.0,2370.0,2584.0,2947.5,2937.5,3580.0,3173.5,tambang
1405.0,6188.0,5192.5,1857.0,2229.0,2333.0,2920.0,3058.0,3327.5,3282.0,3990.0,3220.0,tambang
1454.5,6337.5,5569.5,1888.0,2238.0,2317.0,2926.0,3120.0,3385.0,3294.0,3941.5,3175.0,tambang
1315.5,4601.0,3742.0,1451.0,1595.0,1823.0,2032.0,2237.5,2494.0,2530.5,3055.0,2597.0,tambang
1350.5,5587.5,4859.5,1642.0,1803.0,2126.0,2253.5,2439.5,2710.5,3037.0,3350.5,2625.0,tambang
1390.0,4890.0,4356.5,1514.0,1720.0,1969.0,2172.5,2282.5,2526.5,2534.0,2946.0,2723.5,tambang
1789.5,5694.0,4976.5,1839.0,2025.0,2318.0,2559.0,2715.0,3013.5,3023.0,3596.5,3035.0,tambang
1795.0,6264.0,5577.5,2068.0,2340.0,2657.0,2870.5,3073.0,3339.0,3543.5,3796.0,3410.0,tambang
1062.0,4276.0,3526.5,1281.0,1223.0,1494.0,1425.5,1584.5,1868.5,2206.0,2243.5,2323.0,tambang
1238.0,4736.0,3877.5,1336.0,1422.0,1594.0,1706.5,1871.5,2120.5,2414.0,2624.5,2419.0,tambang
1009.5,4051.5,3333.0,1025.0,1280.0,1435.0,1718.5,1905.0,2032.5,2051.0,2483.0,2196.5,tambang
1293.5,5060.0,4421.5,1480.0,1579.0,1835.0,2147.5,2330.0,2544.0,2397.5,3125.0,2770.5,tambang
1432.5,5147.5,4065.5,2368.0,2584.0,2937.0,2401.5,2789.0,3083.5,3906.5,3711.5,3248.5,tambang
1379.0,4795.0,4057.5,1621.0,1770.0,2046.0,2058.5,2249.5,2370.0,2770.5,2864.0,2539.0,tambang
1481.0,5635.0,4799.0,1820.0,2005.0,2304.0,2327.0,2472.0,2761.0,3156.5,3328.0,2787.0,tambang
862.0,4870.5,4604.0,2391.0,2612.0,2923.0,2100.0,2184.0,2438.0,3933.5,2893.5,2734.0,tambang
954.0,5021.5,4496.5,1526.0,1618.0,1801.0,1868.0,1982.5,2228.0,2578.0,2785.5,2256.0,tambang
1085.5,4034.5,3597.5,1205.0,1202.0,1447.0,1771.5,1872.5,2063.0,1953.5,2501.5,2229.0,tambang
1093.5,2872.0,2575.0,823.0,955.5,1073.0,1068.0,1211.5,1306.5,1629.0,1592.0,3461.0,tambang
1166.0,4840.5,4263.0,1668.0,1869.0,2040.0,1994.0,2214.5,2431.0,2766.0,2943.5,2732.5,tambang
1166.0,4169.5,3425.0,1445.0,1719.0,1848.0,1791.0,2344.0,2548.5,2594.0,3091.5,2732.5,tambang
1109.0,4919.0,4352.5,1667.0,1849.0,2084.0,1948.5,2135.5,2309.0,2931.0,2921.5,2438.0,tambang
1074.5,5512.5,4641.5,1414.0,1546.0,1843.0,2076.0,2251.5,2580.5,2660.0,3145.0,2495.5,tambang
1055.5,4057.5,3122.5,1236.0,1413.0,1569.0,1502.5,1886.5,2217.5,2497.0,2674.0,2363.0,tambang
931.0,4243.5,3718.5,1475.0,1584.0,1818.0,1664.5,2039.5,2324.5,2715.5,2815.5,2368.5,tambang
1120.0,4273.0,3586.0,1262.0,1545.0,1717.0,1740.5,2097.5,2352.5,2533.5,2820.5,2308.0,tambang
890.0,4419.5,3552.5,995.0,1174.0,1258.0,1767.5,2098.0,2388.0,2461.0,2947.0,2364.5,tambang
1196.0,4691.0,3947.0,1307.0,1459.0,1676.0,1837.5,1937.0,2177.5,2376.0,2672.0,2292.0,tambang
1482.5,5145.0,4389.0,1573.0,1800.0,2056.0,2179.0,2294.0,2551.5,2800.5,3084.0,2659.5,tambang
1542.0,6016.0,5401.5,1938.0,2140.0,2335.0,2609.0,2752.5,3000.5,3128.5,3706.5,3048.5,tambang
1291.5,4468.0,3940.5,1109.0,1371.0,1554.0,1726.5,1903.5,2111.5,2145.5,2586.0,2487.0,tambang
1175.5,4249.5,3589.0,1330.0,1412.0,1666.0,1607.5,1764.5,1951.0,2380.0,2384.5,2188.0,tambang
1869.5,7145.5,6327.0,2318.0,2615.0,2941.0,3141.0,3266.0,3765.5,4137.0,4455.0,3511.5,tambang
1532.0,5800.0,5147.0,2281.0,2429.0,2684.0,2550.5,2810.0,3045.5,3605.0,3565.5,3207.5,tambang
1700.0,4814.5,4064.5,1694.0,1743.0,1840.0,2031.5,2127.5,2306.5,2434.5,2742.5,2334.0,tambang
1332.0,4268.0,3862.0,1248.0,1335.0,1460.0,1582.0,1739.5,1920.0,1949.5,2456.0,2032.5,tambang
1477.0,4230.5,3691.5,1409.0,1524.0,1754.0,1776.0,1879.0,2061.5,2231.0,2481.5,2316.5,tambang
2846.0,4790.5,4266.5,2659.0,2659.0,2721.0,3001.0,3018.5,3113.5,3139.5,3412.0,5757.0,tambang
2391.5,3752.5,3137.0,1923.0,2141.0,2283.0,2631.5,2694.5,2784.5,2517.5,2991.5,5287.0,tambang
2495.0,4271.5,3729.0,2432.5,2429.5,2525.0,2861.0,2864.0,2936.0,2967.5,3173.0,5353.0,tambang
1638.5,5336.5,4664.5,1786.0,1879.0,1994.0,2118.5,2227.0,2426.5,2611.0,2939.5,2525.5,tambang
2219.5,4347.5,3866.5,2165.0,2254.0,2355.0,2388.0,2459.5,2632.0,2756.0,2923.0,4952.5,tambang
977.5,3806.0,3219.0,1293.0,1475.0,1629.0,1740.5,1901.0,2051.5,2252.0,2500.0,1836.0,tambang
1430.5,5408.5,4735.0,1851.0,1879.0,1951.0,1927.5,2048.5,2275.5,2634.5,2798.0,2257.5,tambang
1337.5,4733.0,4095.5,1570.0,1626.0,1680.0,1718.0,1846.0,2025.0,2283.5,2514.5,2103.0,tambang
398.5,2009.0,1594.0,477.0,606.5,655.5,673.5,801.5,920.0,1235.0,1181.0,1769.5,tambang
1055.0,3320.0,2619.5,1172.0,1122.0,1119.0,1286.5,1482.5,1657.5,2012.0,1997.5,1953.0,tambang
1251.0,4878.5,4134.0,1219.0,1347.0,1415.0,1606.5,1729.0,1909.0,2111.0,2420.0,2106.0,tambang
1354.0,4940.5,4286.0,1498.0,1554.0,1636.0,1698.5,1796.0,2029.5,2337.5,2540.5,2208.5,tambang
1298.0,4754.5,4039.5,1309.0,1548.0,1658.0,1639.0,1765.0,1947.0,2290.5,2420.5,2215.5,tambang
2229.5,2862.5,2583.0,1966.0,2010.0,2136.5,2324.0,2420.0,2459.5,2270.0,2598.0,4171.0,tambang
1405.5,2218.0,2056.5,1035.5,1089.5,1193.5,1348.5,1393.5,1459.0,1417.0,1622.5,2912.5,tambang
1564.5,2381.0,2167.0,1528.0,1610.0,1675.0,2099.0,2066.0,2030.0,1789.0,2074.0,2721.5,tambang
1952.0,2718.5,2480.0,2060.0,2011.0,2066.0,2245.5,2234.5,2287.0,2220.5,2393.5,3459.0,tambang
2817.0,3108.5,2866.5,2715.0,2661.5,2695.0,2982.5,2955.5,2946.5,2799.0,2931.0,4910.5,tambang
1252.5,1970.5,1823.5,1134.0,1148.5,1165.5,1330.0,1312.0,1346.5,1370.0,1437.0,2402.0,tambang
1000.0,1692.0,1555.0,938.0,1041.0,1124.5,1196.0,1164.5,1193.5,1200.0,1230.0,1952.5,tambang
1141.0,1626.5,1431.5,1140.0,1184.5,1143.0,1201.0,1180.5,1173.0,1318.0,1233.0,2513.5,tambang
1843.0,2794.0,2451.5,1830.0,1855.5,1986.5,2347.0,2345.0,2387.0,2126.0,2575.5,3496.5,tambang
1524.0,2425.0,2212.0,1479.0,1511.5,1594.0,1720.5,1783.0,1802.5,1821.0,1928.5,2952.0,tambang
4114.0,3810.0,3489.5,4228.0,4218.0,4168.0,4312.0,4197.0,4114.0,4016.5,4109.0,6171.0,tambang
2182.5,2818.5,2491.0,2573.0,2572.0,2604.0,2684.5,2602.5,2531.0,2759.5,2549.5,3868.5,tambang
1678.5,2287.0,2121.0,1555.5,1662.0,1819.0,1993.0,1948.0,1962.0,1816.5,1963.0,3539.5,tambang
1520.0,2286.5,2026.5,1274.0,1371.0,1389.5,1624.5,1713.5,1754.5,1700.5,1830.5,2858.0,tambang
942.0,1649.0,1557.5,891.5,884.0,912.0,1018.5,1053.0,1093.5,1144.0,1203.5,1939.5,tambang
1357.5,2237.5,1840.0,1355.5,1370.5,1398.0,1635.0,1711.5,1761.0,1844.0,1857.0,3035.0,tambang
1548.5,2395.0,2201.5,1525.0,1511.5,1549.0,1717.5,1714.5,1752.5,1762.5,1889.0,3127.0,tambang
1573.0,2326.0,2194.5,1374.0,1426.0,1464.0,1648.5,1667.0,1722.5,1680.5,1865.5,3212.0,tambang
2445.5,2335.5,2044.5,2056.5,2098.0,2214.0,2389.0,2269.0,2893.0,2241.5,2801.5,4686.5,tambang
2019.0,2584.5,2504.5,1814.0,1828.0,1982.0,2205.5,2185.0,2211.0,1983.5,2247.5,3438.0,tambang
2180.5,2603.5,2495.0,2135.0,2243.0,2357.0,2592.0,2509.5,2450.5,2324.0,2458.5,3851.5,tambang
2796.0,3008.0,2863.5,2614.0,2771.0,2872.0,3134.5,3030.0,3014.5,2806.5,3017.5,5010.0,tambang
3971.5,3925.0,3485.5,4276.0,4422.0,4490.0,4587.5,4452.0,4353.5,4165.5,4230.0,6319.0,tambang
3455.0,3346.5,2916.0,3548.0,3657.0,3657.0,3815.0,3686.0,3677.5,3581.5,3565.0,5429.5,tambang
1924.5,2378.0,2073.0,1657.0,1846.0,1919.0,2049.5,2061.0,2036.5,2029.0,2067.0,3318.0,tambang
2812.0,3173.0,2811.5,2917.0,2928.0,3023.0,3261.5,3187.5,3169.5,3093.0,3167.0,4791.0,tambang
1278.0,1958.0,1865.0,1148.0,1133.0,1210.0,1368.0,1390.0,1422.5,1347.0,1522.0,2445.0,tambang
1775.0,2185.0,1770.5,1838.0,2197.0,2364.0,2327.5,2218.0,2182.5,2211.5,2089.5,3259.0,tambang
3144.0,2955.0,2582.5,2795.0,2913.0,2981.0,3137.0,3005.0,2994.5,3000.5,2931.5,5287.0,tambang
3516.5,3814.0,3109.0,3464.0,3600.0,3722.0,3949.5,3947.5,3942.0,3779.0,3973.5,5968.5,tambang
2847.5,3733.0,3072.5,2768.0,2807.0,2921.0,3242.5,3221.0,3264.0,3414.5,3402.5,5452.0,tambang
3819.0,5274.5,4424.0,3443.0,3470.0,3680.0,4042.0,4090.5,4230.0,3993.5,4557.5,7026.5,tambang
2863.5,3696.5,3369.5,2638.0,2621.0,2700.0,2893.0,2859.5,2934.5,2969.5,3105.0,4921.0,tambang
2128.0,3543.0,3020.5,2201.0,2344.0,2578.0,2798.5,2807.5,2855.0,2767.0,2947.0,4096.0,tambang
2146.5,3635.0,3026.5,2126.0,2364.0,2607.0,2886.0,2912.5,3004.5,2954.5,3108.0,4235.5,tambang
2149.5,3083.0,2913.0,2398.0,2593.0,2777.0,2973.5,2935.0,2973.5,2784.0,2939.5,3854.0,tambang
2311.0,3125.5,2954.0,2286.0,2480.0,2638.0,2813.0,2781.0,2796.5,2807.5,2836.5,4182.5,tambang
2352.0,3055.0,2853.0,2206.0,2368.0,2483.0,2674.5,2672.0,2722.0,2685.0,2776.5,4321.0,tambang
2460.0,3261.0,2981.5,2432.0,2603.0,2664.0,2915.0,2908.5,2905.0,2896.0,2938.5,4224.0,tambang
2132.5,2643.5,2482.5,2150.0,2122.0,2239.0,2290.0,2357.5,2374.0,2269.5,2417.5,3295.5,tambang
2061.5,2963.0,2597.5,2011.0,2110.0,2299.0,2505.0,2465.5,2520.0,2460.0,2607.0,3565.5,tambang
2414.0,3191.0,2876.0,2510.0,2605.0,2724.0,2905.5,2897.0,2901.5,2881.0,2941.0,4388.5,tambang
2421.0,3346.5,3056.5,2460.0,2586.0,2763.0,2952.0,2937.0,3011.5,2953.0,3043.0,4199.0,tambang
2556.0,3454.5,3120.0,2488.0,2576.0,2751.0,2907.5,2928.5,2951.0,2986.5,3044.5,4427.5,tambang
2157.5,3842.0,3310.5,2472.0,2561.0,2764.0,2975.0,2941.5,3000.5,3067.0,3150.5,4249.0,tambang
2114.5,3900.0,3322.5,2179.0,2321.0,2562.0,2755.5,2801.0,2883.5,2886.0,3048.0,4145.0,tambang
1963.5,2904.0,2544.0,2007.0,2195.0,2365.0,2446.5,2414.5,2422.0,2414.5,2459.0,3574.5,tambang
2901.0,3685.5,3187.5,2823.0,2806.0,2900.0,3069.5,3062.0,3130.5,3190.0,3326.5,5066.0,tambang
3116.5,3933.0,3206.0,2917.5,2929.0,3016.0,3370.0,3498.0,3597.0,3678.0,3801.5,5578.5,tambang
3456.0,4487.0,3822.5,3421.0,3472.0,3613.0,3782.0,3748.0,3841.0,3963.5,4077.0,5907.0,tambang
2218.5,3430.0,3127.5,2115.0,2203.0,2319.0,2446.5,2470.0,2546.0,2623.0,2737.5,4057.5,tambang
2633.5,3470.5,3044.5,2832.0,2918.0,3010.0,3152.0,3065.5,3082.5,3171.5,3173.0,4558.5,tambang
2254.5,4084.5,3441.5,2310.0,2510.0,2675.0,2723.5,2759.5,2844.5,3058.5,3039.0,2730.5,tambang
2179.0,3985.5,3257.5,2179.0,2367.0,2666.0,2988.0,3056.0,3186.0,3074.0,3352.0,2907.0,tambang
2120.5,2705.0,2465.0,2060.0,2127.0,2224.0,2511.5,2538.5,2574.0,2454.0,2623.5,4028.0,tambang
2228.5,2732.5,2499.0,2296.0,2347.0,2385.0,2542.5,2591.0,2581.0,2659.0,2680.5,4031.5,tambang
2651.0,4432.5,3744.0,2461.0,2492.0,2613.0,2845.0,2902.0,3020.5,3015.0,3404.0,5356.0,tambang
2830.0,4098.5,3408.5,2599.0,2612.5,2673.5,3028.5,3146.0,3263.0,3328.0,3517.0,5920.5,tambang
1978.5,5222.0,4348.5,2239.0,2190.0,2261.0,2243.5,2349.5,2559.5,2821.0,3083.0,2581.5,tambang
2320.5,4505.5,3808.5,2325.0,2460.0,2495.0,2572.0,2654.0,2806.0,3136.5,3193.0,4654.0,tambang
2241.5,5327.5,4585.0,2308.0,2273.0,2353.0,2547.0,2564.5,2738.0,2976.0,3160.0,5339.5,tambang
2674.5,4651.5,4080.5,2662.0,2697.0,2782.0,2957.0,2952.5,3044.5,3275.0,3340.5,5387.5,tambang
4424.5,5488.5,4462.5,4429.0,4269.0,4262.0,4496.0,4400.0,4475.5,4559.5,4707.5,7298.0,tambang
3167.0,5100.5,4330.5,3223.0,3173.0,3236.0,3388.5,3384.0,3499.5,3674.0,3797.5,5996.5,tambang
1480.5,4399.0,3690.0,1454.0,1498.0,1616.0,1731.0,1851.5,2040.5,2221.0,2575.0,2160.0,tambang
1521.5,4742.5,3707.5,2001.0,1985.0,2069.0,1799.0,2114.0,2348.5,2942.5,2951.0,2625.0,tambang
2110.5,3361.5,2665.5,1686.0,1741.5,1839.0,2155.0,2432.0,2599.0,2658.5,2899.0,4774.0,tambang
1140.0,4252.0,3386.5,798.5,909.5,1063.0,1461.5,1805.5,2096.0,2051.5,2692.0,2397.0,tambang
1564.0,4822.0,3897.0,1641.0,1661.0,1765.0,1953.5,2151.0,2372.0,2580.5,2924.0,2556.5,tambang
2231.5,4996.0,4367.0,2315.0,2365.0,2454.0,2866.0,2905.5,3041.5,3074.5,3444.5,4818.0,tambang
1303.5,3874.5,3132.5,844.0,948.0,1077.5,1542.0,1678.5,1877.0,1836.5,2322.0,2654.0,tambang
1652.0,3626.0,2833.5,1942.0,1975.0,2018.0,2250.5,2426.0,2590.0,2669.0,2881.5,2265.5,tambang
2935.5,4262.0,3738.0,2854.0,2833.0,2948.0,3241.5,3426.5,3536.0,3483.0,3751.0,5472.5,tambang
1565.0,5231.0,4365.0,1372.0,1399.0,1584.0,1960.5,2153.5,2406.5,2447.0,3066.0,2645.0,tambang
2707.0,4323.0,3542.5,2646.0,2618.0,2673.0,2814.5,2840.5,2946.5,3153.5,3252.0,5369.0,tambang
5256.0,6481.5,5357.0,5100.0,4935.0,5055.0,5278.5,5236.5,5343.0,5440.5,5715.5,9267.5,tambang
3809.5,4876.0,3832.0,3847.0,3715.0,3758.0,3985.0,3894.0,3932.0,4011.5,4163.5,6857.0,tambang
4137.0,5629.5,4611.5,4047.0,3982.0,4023.0,4356.5,4257.5,4314.0,4377.5,4598.0,7801.0,tambang
930.0,4342.0,3345.5,989.0,1075.5,1139.0,1287.0,1599.5,1846.0,2160.0,2365.5,2160.0,tambang
871.5,3645.5,2803.5,1083.0,1243.0,1239.0,1266.5,1623.5,1857.0,2261.5,2337.5,1942.5,tambang
637.0,2981.5,1942.5,425.5,598.0,642.5,1095.0,1726.0,2004.0,2225.5,2437.0,2026.0,tambang
911.0,4253.5,3303.5,931.0,997.0,1081.0,1257.5,1532.0,1770.0,2012.5,2260.5,2088.0,tambang
725.0,3317.5,2529.0,552.0,690.0,703.0,1029.0,1358.0,1577.0,1693.0,2009.5,1742.5,tambang
992.0,4920.0,3899.0,1007.5,1073.5,1117.0,1258.5,1485.5,1715.0,2014.5,2278.0,1909.0,tambang
1627.0,5968.5,4762.5,1772.0,1945.0,2104.0,2118.5,2270.0,2539.0,2860.0,3093.0,2615.0,tambang
2050.5,6062.5,5261.0,2160.0,2350.0,2570.0,2907.0,3040.0,3370.0,3441.5,4066.5,3221.5,tambang
3948.0,5827.5,5057.5,3648.0,3674.0,3782.0,3910.0,4019.0,4235.0,4280.5,4548.5,4396.5,tambang
1392.0,4893.0,4228.0,1665.0,1734.0,1840.0,1878.0,1991.0,2202.0,2476.0,2674.0,2367.0,tambang
1241.0,4457.5,3722.5,1175.0,1420.0,1571.0,1752.0,1887.5,2067.0,2211.5,2590.0,2373.0,tambang
3254.5,5523.0,5009.5,3051.0,3274.0,3614.0,3976.5,4001.5,4117.0,3773.5,4268.5,5504.0,tambang
2070.5,6077.5,5011.5,2094.0,2083.0,2284.0,2652.5,2795.0,3049.0,3229.5,3662.5,3201.5,tambang
2975.0,4091.0,3441.0,2925.0,2904.0,3023.0,3245.5,3264.0,3374.5,3325.5,3628.5,5280.5,tambang
2850.0,3820.5,3114.5,2769.0,2641.0,2646.0,2843.0,2847.5,2958.5,3115.0,3233.5,4958.0,tambang
2707.0,3774.5,3080.0,2681.5,2657.0,2739.0,2972.5,2977.5,3067.5,3069.0,3317.5,4802.5,tambang
2919.5,4090.5,3349.5,2920.5,2856.0,2895.5,3132.0,3133.5,3235.0,3259.0,3465.0,5029.0,tambang
1953.0,2979.0,2334.0,2014.0,1948.5,1961.0,2099.5,2184.5,2264.5,2512.5,2455.0,3973.0,tambang
1387.5,3085.0,2532.5,1446.0,1470.0,1520.0,1695.5,1868.5,2049.5,2189.0,2352.5,3577.0,tambang
1387.5,3439.5,2775.5,1881.0,1871.0,1920.0,1865.5,2008.5,2190.5,2505.5,2519.0,3577.0,tambang
1387.5,3342.0,2836.0,1914.0,1846.0,1848.0,1843.0,2029.5,2142.0,2489.0,2491.5,3577.0,tambang
1579.5,3204.0,2577.5,1375.0,1380.5,1476.0,1806.5,2009.5,2142.5,2142.0,2463.0,3821.0,tambang
1310.0,3353.5,2681.5,1739.0,1748.0,1829.0,1920.5,2148.5,2376.5,2500.5,2686.0,3587.0,tambang
1336.5,3285.5,2673.0,1450.0,1540.0,1628.0,1905.0,2226.5,2409.0,2476.0,2788.5,3834.0,tambang
1797.0,3270.0,2617.5,1795.0,1853.0,1917.0,2113.5,2310.0,2500.5,2509.5,2806.0,4104.0,tambang
1797.0,3154.0,2572.5,1869.0,1889.0,1921.0,2044.0,2304.5,2466.5,2512.0,2756.5,4104.0,tambang
2053.0,3594.0,3000.5,1853.0,1913.0,2017.0,2326.0,2560.0,2738.0,2585.0,3057.5,4342.0,tambang
2053.0,3569.5,2961.0,2013.0,2139.0,2265.0,2601.0,2845.5,2968.0,2808.5,3241.5,4342.0,tambang
1722.5,3456.0,2824.5,1840.0,1882.0,1943.0,2110.5,2332.5,2519.5,2695.5,2891.0,4373.5,tambang
1516.5,3672.5,2923.0,1871.0,1940.0,2002.0,2081.5,2247.0,2491.5,2665.5,2814.5,3992.0,tambang
1516.5,3672.5,2923.0,1495.0,1592.5,1617.0,2081.5,2247.0,2491.5,2603.5,2814.5,3992.0,tambang
1980.5,4353.5,3701.0,2391.0,2492.0,2564.0,2721.5,2864.5,3043.0,3234.5,3425.5,4857.0,tambang
1980.5,4726.0,4039.0,2549.0,2530.0,2582.0,2849.0,2973.0,3179.0,3344.0,3592.5,4857.0,tambang
1980.5,4353.5,3701.0,2380.0,2433.0,2528.0,2721.5,2864.5,3043.0,3233.5,3425.5,4857.0,tambang
1980.5,4334.0,3629.5,2217.0,2246.0,2289.0,2513.0,2755.5,2941.5,3110.5,3385.0,4857.0,tambang
2803.5,4345.0,3797.5,3083.0,3038.0,3039.0,3233.5,3444.5,3563.5,3712.5,3893.5,5718.0,tambang
2803.5,4373.0,3520.5,2919.5,2901.0,2864.0,3352.5,3608.0,3744.5,3871.5,4040.0,5718.0,tambang
2837.0,4338.5,3632.5,2935.0,2876.0,2906.0,3262.0,3325.5,3464.5,3463.5,3718.5,5712.0,tambang
2569.0,4714.0,4040.0,3289.0,3163.0,3165.0,3268.5,3435.5,3571.0,3888.0,3926.5,5433.5,tambang
2707.0,4282.5,3568.0,3090.0,3039.0,3073.0,3220.0,3315.5,3460.5,3606.5,3678.5,5542.5,tambang
1988.0,4126.5,3571.0,2863.0,2836.0,2829.0,2827.5,2969.5,3070.0,3439.5,3375.5,4612.0,tambang
2304.5,4131.5,3501.5,2685.0,2614.0,2625.0,2849.0,3047.0,3182.0,3336.0,3493.0,5024.0,tambang
2304.5,4051.5,3475.5,2807.0,2776.0,2801.0,2883.5,3080.0,3186.0,3456.5,3491.0,5024.0,tambang
2079.0,3371.0,2700.0,1606.0,1620.5,1695.0,2098.5,2367.0,2567.0,2639.5,2905.5,4808.5,tambang
2407.5,3959.0,3204.0,2946.0,2863.0,2912.0,3196.5,3414.5,3550.0,3700.0,3829.0,5543.0,tambang
1155.0,3845.0,3113.0,1677.0,1682.0,1719.0,1939.0,2209.0,2414.5,2566.5,2858.5,3496.0,tambang
1671.0,3812.0,3140.0,1994.0,2050.0,2101.0,2259.0,2491.0,2632.0,2831.5,2983.5,4210.0,tambang
1811.0,3915.0,3189.0,2093.0,2172.0,2190.0,2359.5,2596.0,2737.0,3091.5,3087.5,4522.0,tambang
1155.0,3507.5,2746.5,1610.0,1599.0,1651.0,1735.5,2016.0,2214.0,2447.0,2575.0,3496.0,tambang
1252.0,2904.0,2172.0,1440.0,1485.0,1515.0,1684.0,2079.5,2266.0,2465.5,2591.0,3784.5,tambang
2765.5,4292.5,3648.5,3000.0,2980.0,3054.0,3223.0,3265.0,3370.0,3514.5,3645.5,5478.5,tambang
2253.5,4019.0,3359.0,2667.0,2606.0,2592.0,2814.5,2868.0,2986.0,3238.0,3256.0,4914.0,tambang
1688.5,3679.0,3205.5,1793.0,1935.0,2087.0,2392.5,2574.5,2724.5,2628.5,3081.0,4213.5,tambang
1641.0,3498.0,2952.5,1702.0,1659.0,1767.0,2089.5,2240.5,2412.0,2373.0,2732.0,4100.5,tambang
1641.0,3497.5,2974.5,1705.0,1815.5,1979.0,2207.5,2334.0,2520.5,2393.0,2829.0,4100.5,tambang
2415.0,4242.5,3671.5,2450.0,2582.0,2767.0,2981.5,3098.0,3267.5,3170.5,3583.5,5109.0,tambang
2765.5,4038.5,3359.0,2786.0,2726.0,2751.0,2954.0,3002.5,3110.0,3388.0,3394.5,5478.5,tambang
860.0,3807.0,2970.5,1661.0,1837.0,1935.0,2010.5,2068.0,2186.0,2721.0,2533.5,3389.0,tambang
860.0,3807.0,2970.5,1492.0,1697.0,1827.0,2010.5,2068.0,2186.0,2509.0,2533.5,3389.0,tambang
1272.5,3275.0,2412.0,1051.0,1181.0,1235.0,1584.5,1867.5,2079.5,2485.5,2502.5,3531.0,tambang
1272.5,3275.0,2412.0,1321.0,1378.0,1470.0,1584.5,1867.5,2079.5,2345.0,2502.5,3531.0,tambang
1281.5,3445.5,2743.5,1536.0,1650.0,1754.0,1891.0,2082.0,2271.0,2533.5,2620.5,3519.5,tambang
1281.5,3690.5,3032.5,1647.0,1658.0,1748.0,1963.5,2064.5,2248.0,2532.5,2599.0,3519.5,tambang
955.5,3096.0,2330.0,1503.0,1432.0,1481.0,1631.5,1829.0,2068.0,2269.0,2387.0,3155.5,tambang
1090.0,3227.0,2462.5,1517.0,1467.0,1335.0,1575.5,1693.5,1877.0,2377.5,2250.5,3276.5,tambang
2716.0,4390.0,3749.5,2624.0,2557.0,2592.0,2876.5,2967.5,3131.5,3167.5,3456.0,4957.5,tambang
2669.0,4404.0,3895.5,2695.0,2746.0,2871.0,3103.0,3181.0,3330.5,3262.0,3649.0,4812.5,tambang
1090.0,3213.5,2573.0,1029.0,1034.5,1139.0,1278.0,1385.0,1555.5,1680.0,1909.5,2344.0,tambang
1260.5,3340.0,2794.0,1021.0,1142.0,1250.0,1502.0,1599.5,1795.0,1791.0,2076.5,2812.0,tambang
701.5,3205.5,2724.5,848.0,938.0,1036.5,1164.0,1267.5,1432.0,1579.0,1782.5,1712.5,tambang
890.5,3836.0,3125.0,1075.0,1133.0,1271.0,1492.5,1602.0,1801.5,1931.5,2231.5,1868.0,tambang
1205.5,4215.5,3301.0,1168.0,1257.0,1420.0,1562.5,1715.5,1950.0,2153.0,2434.0,2241.5,tambang
1214.0,3963.0,3256.5,1403.0,1483.0,1635.0,1735.5,1916.0,2094.5,2296.5,2545.5,2201.5,tambang
1134.0,4158.5,3269.0,915.0,977.0,1168.0,1471.5,1552.5,1787.0,1807.5,2235.5,2266.5,tambang
1153.0,3888.5,3105.5,1103.0,1220.0,1310.0,1558.0,1710.0,1872.0,2010.5,2342.0,2115.0,tambang
1108.5,4968.5,4205.0,1513.0,1784.0,1986.0,2176.5,2353.5,2586.5,2806.0,3112.0,2616.0,tambang
1407.0,4547.5,3792.5,1605.0,1746.0,1904.0,2127.0,2393.5,2663.0,2896.5,3161.5,2730.0,tambang
1342.0,4297.0,3467.5,1236.0,1405.0,1556.0,1803.5,2040.0,2303.0,2539.5,2789.0,2568.0,tambang
1031.0,4003.5,3176.5,1193.0,1389.0,1555.0,1709.5,1935.0,2174.0,2332.5,2607.5,2261.0,tambang
874.0,3421.5,2673.5,920.5,1045.0,1170.0,1334.0,1551.5,1749.5,1966.5,2179.5,1930.0,tambang
1689.0,5188.5,4411.5,1849.0,2088.0,2325.0,2352.5,2475.0,2722.5,3061.0,3203.5,3017.0,tambang
1574.0,5739.5,4845.5,1918.0,2087.0,2439.0,2623.0,2749.0,3076.5,3302.5,3553.5,2799.5,tambang
1035.5,4904.0,3808.0,1440.0,1631.0,1929.0,2020.0,2259.5,2605.0,2864.5,3110.0,2511.0,tambang
1390.5,4803.0,4066.0,1362.0,1550.0,1801.0,2134.5,2312.0,2543.5,2538.0,3070.5,2596.0,tambang
1448.5,5002.0,4462.5,1642.0,1809.0,2003.0,2215.5,2389.0,2618.0,2809.0,3212.5,2835.0,tambang
1484.5,5266.0,4620.0,1678.0,1873.0,2100.0,2266.5,2419.0,2695.5,2919.5,3276.5,2776.0,tambang
1500.5,5746.0,4719.0,1886.0,2039.0,2472.0,2558.0,2682.0,2986.0,3312.0,3502.5,2957.0,tambang
1978.5,7490.0,6622.5,3116.0,3512.0,3900.0,3797.5,3976.0,4444.0,5190.0,5116.5,3608.0,tambang
2000.0,7017.0,6169.0,2589.0,2728.0,3052.0,3401.5,3571.5,3882.5,4081.5,4480.5,3444.0,tambang
2041.0,6747.5,5889.0,2085.0,2295.0,2675.0,2999.0,3219.0,3509.5,3666.5,4249.0,3505.0,tambang
1384.5,5110.5,4645.0,1747.0,1871.0,2147.0,1998.5,2134.5,2416.5,2928.5,3060.0,2954.5,tambang
1649.5,5950.5,5113.5,1818.0,2226.0,2342.0,2399.5,2501.0,2786.0,3578.5,3635.5,3173.5,tambang
991.0,3859.0,3185.5,1131.5,1265.0,1390.0,1483.0,1601.5,1824.0,1987.5,2220.5,2518.5,tambang
1474.5,5988.5,5260.5,1897.0,2051.0,2297.0,2601.0,2767.0,3115.0,3261.0,3747.5,3046.5,tambang
1298.0,5105.5,4581.0,1427.0,1577.0,1815.0,1947.5,2066.5,2317.5,2541.5,2837.5,2553.0,tambang
1466.5,5198.0,4475.0,1422.0,1585.0,1877.0,2084.0,2193.5,2455.5,2641.0,2979.5,2691.0,tambang
1262.5,5097.0,4507.0,1668.0,1898.0,2023.0,2146.0,2294.0,2529.0,2831.0,3131.5,2581.0,tambang
1431.5,5438.5,4873.5,1768.0,1936.0,2146.0,2351.5,2564.5,2773.0,2984.5,3338.5,2739.5,tambang
1426.5,1901.0,3052.0,1414.0,1394.0,1396.0,2253.0,2703.5,2725.5,2502.5,2719.5,2681.0,non_tambang
1115.0,1574.5,1395.0,728.0,738.5,789.5,1252.0,1252.0,1259.5,956.0,1335.0,2085.5,non_tambang
636.5,3028.0,2717.5,554.0,767.0,1120.0,1601.0,2023.5,2168.0,2284.0,2335.5,2140.5,non_tambang
861.0,3353.0,3154.5,423.0,518.0,994.0,1458.5,1606.0,1791.5,1246.5,1795.0,2195.5,non_tambang
804.0,3954.0,3905.0,750.0,889.0,1906.0,2179.0,2325.5,2369.5,2415.5,2405.5,2156.5,non_tambang
1016.5,1625.5,2461.5,889.5,916.5,950.5,1424.0,1661.5,1898.5,1795.0,2153.5,1938.5,non_tambang
1016.5,1758.0,1533.5,1350.0,1489.0,1533.0,1667.0,1693.5,1697.0,1595.0,1696.0,1938.5,non_tambang
1017.0,2192.0,1966.0,2059.0,2180.0,2151.0,2071.5,2240.5,2176.5,2271.5,2221.5,2154.0,non_tambang
669.5,1878.5,1674.0,754.0,893.0,1149.0,1346.5,1401.5,1509.0,1264.5,1552.5,2364.5,non_tambang
1201.5,1650.5,1562.5,887.0,943.0,956.5,1439.0,1469.0,1575.5,1423.5,1657.5,1890.0,non_tambang
1426.5,1570.0,2282.5,1516.0,1441.0,1411.0,2158.0,2344.0,2226.5,1728.0,2168.0,2681.0,non_tambang
1553.0,2332.0,1929.5,1272.0,1374.0,1515.0,1823.0,1823.5,1858.5,1884.0,2126.5,2174.0,non_tambang
1508.0,2155.5,1953.5,1632.0,1702.0,1783.0,2052.5,2127.0,2087.5,1757.0,2109.0,1883.0,non_tambang
1107.0,1706.5,1696.0,811.5,900.5,851.5,1154.0,1170.0,1296.0,1035.5,1369.5,1682.0,non_tambang
1448.5,1900.5,1674.0,1553.0,1677.0,1707.0,1739.0,1783.0,1787.0,1642.0,1792.0,2348.5,non_tambang
1280.0,1907.0,1887.0,1343.0,1455.0,1459.0,1666.5,1664.0,1736.0,1913.0,1864.0,1910.0,non_tambang
1301.5,2127.5,1882.0,2368.0,2551.0,2663.0,2276.0,2086.0,1994.0,2613.0,2075.0,1785.5,non_tambang
1301.5,1375.5,1245.0,1082.5,1153.0,1166.5,1300.0,1314.0,1289.0,1197.0,1282.5,1785.5,non_tambang
877.0,1313.5,1166.5,1282.0,1399.0,1422.0,1277.0,1146.0,1131.5,1304.0,1211.5,1218.5,non_tambang
729.5,1556.0,1286.5,1071.0,1161.0,1175.0,1321.5,1405.5,1411.5,1377.5,1471.5,1730.5,non_tambang
1220.0,1902.0,1701.5,1552.0,1691.0,1720.0,1807.5,1787.0,1829.0,1744.5,1847.0,1940.5,non_tambang
1145.0,1885.5,1670.5,1544.0,1637.0,1694.0,1784.0,1760.0,1741.0,1682.0,1755.5,1509.0,non_tambang
1086.5,2048.5,1791.0,1407.0,1591.0,1668.0,1794.0,1887.5,1996.0,1771.0,2000.5,2106.5,non_tambang
1086.5,2080.5,1826.5,1803.0,1927.0,2001.0,1997.5,1959.5,1939.0,2046.5,2013.5,2106.5,non_tambang
839.0,1466.5,961.0,552.0,671.5,540.0,803.0,1866.5,2081.5,2048.0,2028.0,3005.0,non_tambang
1097.5,2214.5,1855.5,1359.0,1535.0,1518.0,1822.5,2124.0,2211.5,2083.5,2227.5,2584.0,non_tambang
897.0,1458.0,1333.0,1370.0,1470.0,1452.0,1376.5,1334.5,1348.0,1451.5,1365.5,1596.5,non_tambang
872.0,1191.0,1044.0,1115.0,1178.0,1163.5,1226.0,1184.0,1122.5,1100.5,1095.5,1387.0,non_tambang
914.0,1260.0,1125.0,1145.5,1190.0,1201.0,1243.5,1169.0,1204.5,1100.5,1184.5,1371.5,non_tambang
1202.0,1740.0,1580.5,1616.0,1707.0,1695.0,1707.0,1643.5,1664.5,1727.5,1715.5,1779.0,non_tambang
1285.0,2900.0,2486.0,1965.0,2343.0,2501.0,2611.5,3035.0,3122.5,2482.0,3135.0,3002.5,non_tambang
887.0,1567.5,1400.0,1144.0,1273.0,1324.0,1323.5,1527.5,1543.0,1493.0,1558.5,2285.5,non_tambang
708.0,1450.5,1181.0,1135.0,1422.0,1431.0,1324.0,1572.0,1578.0,1504.0,1617.5,2260.5,non_tambang
838.5,1421.5,1142.0,973.0,1010.0,1159.0,1181.0,1248.5,1422.0,1637.5,1459.5,1890.0,non_tambang
968.5,1580.0,1412.0,820.0,885.0,885.0,1056.0,1411.5,1546.5,1333.0,1646.5,2367.0,non_tambang
865.0,1446.0,1238.0,943.0,1208.0,1198.0,1381.0,1491.5,1535.0,1506.5,1599.5,2444.0,non_tambang
524.5,1482.5,1250.0,944.0,1064.0,1127.0,1130.0,1311.5,1410.5,1552.0,1468.0,1612.5,non_tambang
687.0,1445.5,1191.5,1042.0,1114.5,1152.0,1048.0,1178.0,1249.0,1520.0,1320.0,1782.5,non_tambang
687.0,1445.5,1191.5,811.0,886.0,911.0,1048.0,1178.0,1249.0,1277.0,1320.0,1782.5,non_tambang
635.5,1202.5,906.5,751.5,844.0,860.0,865.0,1302.5,1434.5,1293.5,1517.5,1768.0,non_tambang
1237.5,1544.0,1183.5,1275.0,1350.0,1283.0,1280.0,1806.0,1849.5,1857.0,1931.0,3408.0,non_tambang
1237.5,1624.5,1246.5,1570.0,1588.0,1438.0,1343.5,1865.5,1913.0,2182.5,2005.0,3408.0,non_tambang
1904.0,2093.5,2506.5,1773.0,1851.0,1751.0,2524.0,3157.0,3185.0,2576.5,3202.5,4391.0,non_tambang
2411.5,2955.0,2638.0,2641.0,2702.0,2779.0,2811.5,3074.5,3096.5,3040.0,3121.0,4528.5,non_tambang
2196.5,3061.0,2810.5,2786.0,2900.0,2870.0,2986.0,3149.5,3186.5,3243.0,3215.5,4524.5,non_tambang
1895.0,2737.0,2606.0,2712.0,2663.0,2568.0,2696.0,2799.0,2792.0,2989.5,2921.5,3878.5,non_tambang
1559.5,2074.5,1851.0,1570.0,1654.0,1559.0,1602.5,2119.0,2161.5,2027.5,2268.5,3481.0,non_tambang
1832.0,2233.0,2153.0,1830.0,2005.0,2086.0,2135.5,2309.5,2343.0,2201.5,2371.0,3326.0,non_tambang
1522.5,2360.5,1960.5,1760.0,1933.0,1785.0,1992.0,2432.0,2438.0,2505.0,2490.0,3698.5,non_tambang
1207.5,1929.5,1771.0,1173.0,1260.0,1360.0,1543.5,1618.5,1684.0,1582.0,1736.0,2190.0,non_tambang
1123.0,2291.0,2101.0,945.0,1026.0,1582.0,1798.5,1847.5,1850.5,1832.5,1848.5,2341.0,non_tambang
1123.0,2628.0,2552.0,1357.0,1632.0,1685.0,1757.5,1874.5,1951.5,2064.0,2030.0,2341.0,non_tambang
1237.0,1824.0,1638.5,1482.0,1508.0,1606.0,1628.0,1645.5,1716.5,1765.5,1733.5,2059.5,non_tambang
1246.0,1589.0,1520.5,880.5,938.0,901.0,1229.0,1252.0,1290.5,1210.0,1390.0,2233.5,non_tambang
1228.5,2110.5,2021.5,1352.0,1484.0,1692.0,1898.0,1914.0,1940.5,2071.5,1907.0,2200.5,non_tambang
1247.0,1816.0,1583.5,1377.0,1507.0,1549.0,1664.5,1566.0,1559.0,1736.0,1615.0,2082.5,non_tambang
1035.0,2392.0,2379.5,1106.0,1296.0,1397.0,1724.0,1942.0,2136.5,1837.5,2225.5,2170.0,non_tambang
1046.0,1500.5,1369.5,994.5,1036.5,1031.0,1249.5,1281.0,1300.0,1286.0,1322.0,2083.5,non_tambang
1130.5,1872.5,1979.0,1112.0,1216.0,1378.0,1492.5,1562.0,1556.0,1679.0,1585.0,2044.5,non_tambang
1067.0,1637.0,1911.5,1116.0,1181.0,1183.0,1424.0,1499.5,1563.5,1777.5,1671.0,2058.0,non_tambang
1343.0,2145.5,2194.5,1613.0,1590.0,1521.0,1659.5,1803.0,1844.5,1886.5,1875.0,2699.0,non_tambang
1521.0,2441.0,2389.5,2041.0,2129.0,2172.0,2328.0,2276.5,2286.5,2606.5,2465.5,2923.0,non_tambang
1752.5,2619.5,2734.0,1417.0,1485.0,1527.0,1711.5,1778.5,1976.5,1737.0,2186.0,3413.5,non_tambang
897.5,1252.5,1150.0,680.0,768.0,808.0,1038.5,1076.5,1087.0,922.5,1107.5,1793.0,non_tambang
1316.5,1939.0,2054.0,1493.0,1476.0,1504.0,1642.5,1762.0,1806.5,1810.5,1947.0,2829.5,non_tambang
2035.0,2346.0,2376.0,1902.0,1968.0,2032.0,2214.0,2312.0,2325.0,2421.0,2333.0,4086.0,non_tambang
2148.5,2368.5,2350.0,1661.5,1819.0,1761.0,1986.0,2148.0,2215.0,2256.5,2330.5,4263.5,non_tambang
2108.0,2780.5,2867.5,2244.0,2260.0,2279.0,2687.5,2710.5,2768.5,2541.0,2801.5,4254.5,non_tambang
1660.5,2421.5,2357.5,1868.0,1973.0,1990.0,2384.5,2476.0,2467.5,2258.5,2429.0,3347.0,non_tambang
1834.0,2361.0,2319.5,1892.0,2028.0,2046.0,2311.0,2306.5,2309.5,2167.0,2272.0,3385.0,non_tambang
1580.5,1899.0,1790.0,1226.5,1241.0,1298.0,1634.5,1617.0,1637.5,1450.5,1726.5,2959.5,non_tambang
1380.0,1832.5,1776.0,1332.0,1436.0,1489.0,1640.0,1730.5,1767.0,1757.5,1873.0,2861.5,non_tambang
783.0,2328.5,1647.0,539.0,789.5,1201.0,1551.0,2342.0,2651.5,2735.5,2867.5,2855.5,non_tambang
1052.5,2557.0,2302.0,720.5,826.0,1386.0,1665.0,1913.5,2029.0,1725.0,2035.5,2162.0,non_tambang
1215.0,3358.5,2675.0,1419.0,1472.0,710.5,941.5,963.0,1171.5,1633.5,2462.5,2447.5,non_tambang
1003.0,3145.0,2851.0,796.5,921.0,1576.0,1929.5,2107.0,2196.5,2127.0,2310.5,2272.0,non_tambang
900.0,4154.0,3810.5,663.0,710.0,1286.0,1919.0,2125.5,2240.0,2094.0,2511.0,2259.5,non_tambang
598.0,2868.0,2561.0,838.0,1004.0,1534.0,2111.0,2420.5,2540.5,2376.5,2604.5,3035.0,non_tambang
833.0,2134.5,1946.5,1188.0,1408.0,1496.0,1700.5,1986.5,2034.5,1975.5,2179.0,2239.5,non_tambang
930.0,2745.0,2452.5,982.0,1246.0,1392.0,1865.0,2267.5,2282.5,2238.0,2305.0,2371.5,non_tambang
727.0,2524.0,1753.5,738.0,945.5,1171.0,1718.5,2335.0,2516.0,2166.0,2728.5,2601.5,non_tambang
755.0,2147.5,1634.5,1186.0,1450.0,1429.0,1513.0,2330.0,2503.5,2358.5,2675.5,2534.5,non_tambang
756.0,2237.5,1718.0,919.0,1135.0,1106.0,1622.0,2171.5,2319.0,2372.0,2481.5,2695.5,non_tambang
655.0,2559.5,2072.0,657.0,834.5,1295.0,1556.0,2276.5,2505.5,2380.0,2688.0,2561.5,non_tambang
996.0,2528.5,2199.5,1270.0,1751.0,1825.0,1920.0,2287.5,2349.5,2225.0,2445.0,2459.0,non_tambang
890.5,2612.5,2326.0,980.5,1127.0,1444.0,1735.0,2098.0,2225.0,2376.5,2306.0,2800.0,non_tambang
533.0,2627.5,2133.0,1114.0,1205.0,1754.0,1720.0,2483.0,2714.5,2566.0,2847.0,2618.0,non_tambang
863.0,2471.5,1924.0,1323.0,1461.0,1591.0,1869.0,2145.0,2279.5,2157.5,2464.0,2623.0,non_tambang
1114.0,2410.5,2225.5,1206.0,1321.0,1703.0,1770.0,2053.5,2118.5,2033.0,2197.5,2247.0,non_tambang
1114.0,2668.0,2320.5,851.0,970.0,972.0,1532.5,1973.0,2054.0,1886.5,2194.0,2247.0,non_tambang
1009.0,2474.5,2174.0,1081.0,1284.0,1298.0,1518.5,1813.0,1936.0,2041.5,2196.0,2312.5,non_tambang
441.5,1412.0,758.0,567.0,691.5,568.5,977.5,2146.5,2455.5,2455.5,2668.0,2503.5,non_tambang
261.0,1104.5,572.0,234.0,311.0,266.0,648.5,1533.5,1774.5,1440.5,1972.5,1933.0,non_tambang
233.5,1257.0,572.5,220.5,377.0,238.0,734.5,1830.0,2145.5,2192.0,2374.5,2435.5,non_tambang
162.5,1069.5,451.0,121.0,204.0,143.5,460.0,1367.0,1684.5,1548.0,1940.0,1889.0,non_tambang
161.5,1028.5,434.0,160.0,230.0,191.5,406.0,1211.0,1463.5,1609.0,1663.0,1732.5,non_tambang
197.0,1092.5,512.5,192.0,333.0,257.5,566.5,1416.5,1733.0,2143.0,1969.5,1816.0,non_tambang
168.0,1095.5,448.0,149.5,210.5,161.0,422.5,1473.0,1792.5,1659.0,2058.0,1806.0,non_tambang
198.0,1098.0,496.0,186.0,304.5,224.0,602.0,1533.5,1768.0,1760.5,2031.5,2241.0,non_tambang
250.5,1288.0,603.0,225.0,346.5,250.0,730.0,1870.0,2230.5,1926.5,2501.5,2099.5,non_tambang
155.0,962.5,413.5,126.5,255.0,166.0,429.0,1289.0,1566.0,1641.5,1755.5,1768.0,non_tambang
206.5,1094.5,572.0,169.0,297.0,252.0,521.0,1055.0,1194.5,1249.0,1416.5,1636.0,non_tambang
220.0,1581.0,822.5,225.0,404.0,367.5,751.0,1552.0,1805.5,1884.0,2092.0,1801.5,non_tambang
215.0,883.5,394.5,184.5,253.5,202.5,449.5,1200.0,1457.0,1449.0,1622.5,1844.5,non_tambang
977.5,1807.5,1393.0,995.0,1113.5,1097.5,1426.0,2260.5,2522.5,2534.0,2693.5,3388.5,non_tambang
254.5,1239.0,566.5,254.0,425.5,310.5,688.5,1796.0,2209.0,2248.0,2446.0,2381.5,non_tambang
225.5,1277.0,550.0,225.0,451.5,298.0,802.5,2137.0,2498.0,2630.5,2776.5,2892.0,non_tambang
193.0,998.0,435.0,200.5,371.5,243.0,697.5,1907.5,2212.0,2201.0,2427.5,2563.0,non_tambang
180.0,1383.0,608.0,210.0,411.0,235.5,839.0,2275.0,2651.0,2677.5,2964.0,2911.5,non_tambang
562.5,1775.0,892.0,476.0,709.0,586.0,1215.5,2694.0,3218.0,3100.5,3478.5,3214.0,non_tambang
290.0,1320.5,602.0,263.0,432.5,304.5,822.0,2268.0,2697.5,3096.0,3000.5,2861.5,non_tambang
2599.5,2605.0,2141.5,2301.5,2296.0,2287.5,2644.0,3252.5,3472.0,3342.0,3612.5,4886.0,non_tambang
259.0,1311.5,577.5,228.0,395.5,287.5,857.5,2193.5,2584.0,2598.5,2888.5,2872.0,non_tambang
609.5,1253.0,719.5,483.0,570.5,417.0,870.5,1858.0,2181.5,2179.5,2470.5,2743.0,non_tambang
244.0,1419.5,604.5,249.0,475.5,291.5,895.5,2127.0,2464.5,2511.5,2758.5,2601.5,non_tambang
4067.5,3227.5,2225.0,3806.0,3650.0,3416.0,3896.0,4407.0,4511.0,4560.5,4680.5,7581.0,non_tambang
168.0,728.5,316.0,135.5,235.5,147.0,431.0,1117.0,1374.0,1549.0,1598.5,1702.0,non_tambang
253.0,1295.0,543.5,222.5,390.5,259.0,782.0,1997.0,2346.0,2179.5,2519.5,2493.0,non_tambang
5202.5,3266.5,2016.0,4958.0,4735.0,4556.0,4935.0,5220.0,5300.5,5328.0,5298.0,8769.5,non_tambang
525.0,1181.0,771.0,486.5,511.5,483.0,832.5,1503.0,1719.5,1719.5,1903.0,2212.0,non_tambang
3481.0,2534.0,1575.0,3227.0,3028.0,2868.5,3234.5,3686.5,3804.0,3823.0,3893.0,6339.5,non_tambang
687.5,1588.0,1089.5,659.5,819.0,743.0,1202.5,2063.0,2316.0,2274.0,2522.5,2774.0,non_tambang
185.0,1218.5,566.0,167.5,340.0,237.5,641.0,1446.5,1719.0,1830.0,2015.5,2144.0,non_tambang
248.0,1075.0,494.0,224.0,310.5,262.0,588.0,1450.5,1775.0,1712.5,1993.0,1988.5,non_tambang
196.0,1207.5,524.5,150.0,261.0,189.5,594.0,1758.5,2133.5,1994.5,2362.0,2106.5,non_tambang
158.5,1223.0,492.0,126.0,238.0,163.0,519.0,1574.5,1941.5,1899.5,2193.0,2247.0,non_tambang
584.0,1078.0,521.5,856.0,789.5,519.0,726.0,1332.0,1500.0,1964.0,1615.0,2397.5,non_tambang
207.5,1139.5,516.5,193.0,331.5,229.0,658.0,1631.5,1880.5,2032.0,2118.0,2107.0,non_tambang
415.0,1376.5,737.0,243.5,500.0,396.5,874.0,2088.0,2476.0,2484.5,2763.5,2887.0,non_tambang
128.0,828.5,346.5,163.0,260.5,153.0,445.5,1319.5,1549.5,1898.0,1720.5,1923.5,non_tambang
281.0,1430.5,646.0,274.5,487.5,319.0,905.0,2436.0,2871.0,2809.0,3243.0,3375.0,non_tambang
218.0,1306.5,542.5,220.0,413.0,278.5,720.5,2090.5,2591.5,2742.0,2931.0,2964.5,non_tambang
514.0,1639.5,870.5,645.5,778.0,687.0,1236.5,2612.5,2968.5,3133.0,3317.5,3276.5,non_tambang
294.0,1268.0,691.0,321.5,431.5,409.5,806.0,1775.5,2059.0,1743.0,2297.0,2510.0,non_tambang
180.5,759.0,381.5,162.5,249.0,209.0,461.5,1118.0,1321.5,1350.5,1534.5,1672.5,non_tambang
294.0,1203.0,616.5,456.5,479.0,301.0,666.0,1737.0,2128.5,2410.0,2384.0,2433.0,non_tambang
279.5,1884.5,1026.0,343.0,501.5,572.5,865.5,1408.5,1623.0,1746.5,1899.5,1741.0,non_tambang
245.0,1816.0,977.5,304.5,483.0,506.5,858.0,1470.5,1723.0,1866.5,2035.0,1807.0,non_tambang
269.0,1958.5,1082.0,371.0,574.0,642.0,984.0,1631.5,1905.5,2027.5,2216.0,1827.0,non_tambang
264.0,2038.0,1153.0,335.5,525.5,620.0,943.0,1548.5,1802.5,1885.5,2097.0,1713.0,non_tambang
275.0,1995.0,1114.0,330.5,507.0,570.0,832.0,1380.5,1597.5,1761.0,1896.0,1684.0,non_tambang
308.5,2216.5,1264.5,375.5,600.0,649.5,1000.0,1612.5,1862.5,2106.5,2224.0,1873.5,non_tambang
324.0,2309.0,1292.5,347.0,558.0,624.5,1004.5,1695.5,1930.0,2021.5,2248.0,1979.0,non_tambang
320.5,2137.0,1182.5,372.0,613.5,610.0,1045.0,1820.5,2074.5,2314.0,2422.5,2071.5,non_tambang
278.0,1962.5,1094.5,306.5,484.5,517.0,890.0,1548.5,1777.5,1909.5,2107.0,1828.0,non_tambang
298.0,1824.0,968.0,332.5,517.0,556.5,923.5,1544.5,1790.0,2020.0,2185.0,1794.5,non_tambang
237.5,1856.0,996.5,279.5,474.5,470.0,832.0,1536.5,1765.0,1893.5,2091.5,1840.5,non_tambang
217.0,1680.0,908.5,246.5,419.5,405.5,747.5,1373.5,1599.0,1814.5,1906.0,1607.5,non_tambang
211.0,1496.5,768.5,229.5,397.5,359.5,715.0,1542.0,1781.0,1903.0,2087.0,1798.0,non_tambang
216.5,1775.0,974.5,259.5,433.5,425.0,765.5,1427.5,1646.0,1705.5,1923.0,1649.0,non_tambang
216.5,1603.5,827.0,257.5,406.5,418.5,748.0,1429.5,1666.5,1811.5,1976.0,1774.5,non_tambang
297.0,2153.5,1177.0,333.0,515.5,536.0,926.5,1572.5,1791.5,1964.5,2155.5,1779.5,non_tambang
297.0,2067.0,1113.0,344.5,531.0,545.0,948.5,1591.0,1823.0,1994.0,2245.0,1907.5,non_tambang
272.0,2138.0,1157.5,298.5,477.5,503.0,867.0,1464.0,1687.5,1857.0,2042.0,1769.0,non_tambang
291.0,2153.5,1181.5,339.5,559.5,561.5,964.0,1654.5,1913.0,2119.0,2256.5,1883.5,non_tambang
263.0,1804.0,1002.0,329.0,520.5,561.0,937.0,1618.5,1873.0,2023.5,2240.5,1928.5,non_tambang
347.0,2453.5,1421.0,414.5,626.0,715.0,1067.5,1622.5,1853.0,1882.0,2123.5,1806.5,non_tambang
300.0,2246.5,1317.5,413.5,620.5,674.5,997.0,1680.0,1923.5,2126.0,2236.0,1906.5,non_tambang
202.0,1079.0,459.0,168.0,293.0,203.5,642.0,1875.0,2307.0,1888.0,2571.5,2603.0,non_tambang
190.0,1133.5,496.5,206.0,363.5,295.0,665.5,1812.5,2243.5,2474.0,2481.5,2390.0,non_tambang
366.5,2063.0,1013.5,398.5,718.0,450.0,1293.5,3401.0,3942.5,3910.0,4227.5,3484.5,non_tambang
235.5,1357.0,596.0,245.0,479.5,315.0,836.5,2218.5,2741.5,3023.0,3068.0,2961.5,non_tambang
185.5,1041.0,483.5,188.0,309.5,263.5,622.5,1415.5,1672.0,1715.5,1943.0,1996.5,non_tambang
1087.0,1884.0,1236.5,513.0,764.0,755.5,1431.0,2570.5,2955.5,2793.0,3206.0,3573.5,non_tambang
237.5,1322.0,542.0,232.5,409.0,292.5,711.5,2068.5,2399.0,2614.0,2644.5,2398.5,non_tambang
179.5,1066.5,463.0,149.5,308.5,223.5,643.5,1484.0,1786.0,1826.0,2035.0,2347.0,non_tambang
173.0,1150.0,532.0,201.5,360.0,275.5,665.5,1790.0,2169.0,2270.0,2433.5,2240.5,non_tambang
330.0,2027.0,942.0,386.5,817.0,463.0,1463.0,3664.5,4182.5,4553.0,4612.5,3919.0,non_tambang
211.0,1262.0,545.5,179.0,354.0,229.0,697.5,1911.0,2267.5,2240.5,2584.5,2959.0,non_tambang
229.5,1399.5,615.0,293.0,501.5,354.5,879.0,2273.0,2825.0,3015.5,3138.5,3081.0,non_tambang
198.5,1296.0,560.5,204.5,399.5,252.5,741.5,1975.5,2382.0,2604.5,2670.0,2604.5,non_tambang
298.0,1351.5,610.5,287.0,457.5,317.0,726.0,2035.5,2494.5,2545.0,2860.5,3053.0,non_tambang
241.0,1405.0,612.0,286.5,496.0,325.0,865.5,2433.5,2950.5,2935.5,3260.0,3268.0,non_tambang
354.5,1605.5,728.5,281.5,528.5,314.0,862.0,2354.0,2771.0,3164.0,3216.0,3080.0,non_tambang
267.0,1973.0,862.5,293.5,598.0,335.5,1255.0,3784.0,4557.5,4090.0,4928.0,4003.0,non_tambang
238.5,1355.5,563.0,241.0,391.0,257.5,797.5,2198.5,2679.5,2722.5,2981.0,2896.5,non_tambang
1579.0,2068.0,1586.5,1392.5,1449.0,1357.5,1776.5,2746.5,3024.5,3134.0,3282.0,3645.0,non_tambang
195.0,1433.5,612.5,191.0,421.5,238.0,819.0,2407.0,3015.0,3045.5,3352.0,3251.5,non_tambang
250.5,1469.5,650.0,236.5,407.5,274.5,793.0,2181.0,2740.5,2598.5,3094.5,3316.0,non_tambang
471.5,1631.5,846.5,439.5,632.5,478.5,927.0,2148.0,2541.0,2768.0,2856.5,2856.5,non_tambang
422.0,1781.5,821.5,428.5,649.0,442.0,1080.5,2716.0,3208.5,3275.0,3529.0,3111.0,non_tambang
354.5,1898.5,826.0,362.0,582.5,387.0,1072.5,2816.0,3406.0,3401.5,3752.0,3346.5,non_tambang
226.5,1679.0,676.5,210.5,476.5,267.5,1044.5,2665.0,3189.5,3034.5,3581.5,3470.5,non_tambang
155.5,1205.0,475.0,162.0,345.0,213.5,713.5,2025.0,2493.0,2453.0,2783.5,2730.0,non_tambang
231.0,1287.5,533.5,240.5,429.0,270.5,833.0,2197.5,2559.0,2524.5,2750.0,2813.0,non_tambang
198.5,1056.5,441.5,158.0,246.0,178.0,593.0,1647.5,2005.0,1886.0,2316.5,2435.5,non_tambang
5137.0,4320.5,3306.0,4881.0,4645.0,4460.5,4847.0,5352.5,5567.0,5490.0,5765.0,5164.0,non_tambang
242.0,1244.0,559.0,238.0,423.0,259.5,686.5,1909.5,2271.5,2519.0,2470.5,2545.0,non_tambang
269.5,1190.5,534.5,237.0,373.5,259.0,701.5,1785.0,2252.0,2353.5,2559.5,2614.5,non_tambang
240.5,1121.5,541.5,157.5,282.0,208.0,583.5,1462.5,1769.0,1774.0,1931.0,2418.5,non_tambang
197.5,1162.0,515.5,180.5,350.0,221.5,666.5,1785.0,2128.5,2347.5,2377.0,2266.5,non_tambang
5990.5,5256.5,4550.0,5827.0,5579.0,5420.0,5809.0,5951.5,6037.0,5849.5,6052.0,5970.0,non_tambang
3703.0,4058.5,3112.0,3882.5,3789.5,3633.0,3966.0,4611.5,4787.5,4879.0,5042.0,4637.5,non_tambang
1345.5,2372.0,1537.5,1223.5,1349.5,1221.0,1678.0,2710.0,3072.5,3027.0,3366.0,3078.5,non_tambang
315.5,1926.5,810.0,324.0,642.0,295.5,1086.0,3280.0,3948.0,4116.0,4298.5,3868.0,non_tambang
2262.5,2930.5,2225.0,2412.5,2449.0,2322.0,2669.5,3776.0,4185.5,4110.0,4362.5,3673.5,non_tambang
1229.0,2109.0,1341.5,1117.0,1355.0,1334.0,1799.0,2678.5,2974.5,2919.5,3166.5,3738.0,non_tambang
570.5,2541.5,1614.0,488.0,705.0,751.0,1454.0,2378.5,2696.0,2596.5,3021.0,3089.0,non_tambang
635.5,2786.0,1760.5,799.0,1017.0,1214.0,1537.5,2345.0,2684.0,2781.5,3043.0,2874.0,non_tambang
483.0,2524.0,1643.0,565.0,795.5,1021.0,1418.0,2228.0,2621.5,2649.5,2849.5,3164.5,non_tambang
599.5,2479.5,1464.5,527.5,722.5,852.0,1277.5,1671.0,1941.5,2176.0,2280.5,2577.0,non_tambang
309.5,2013.0,970.5,330.5,658.0,473.5,1274.0,2629.5,3021.0,3184.0,3431.5,3269.5,non_tambang
335.5,2293.5,1199.5,433.0,781.5,673.5,1459.0,2499.0,2804.0,2984.5,3190.5,3386.0,non_tambang
323.5,2406.5,1216.0,444.5,782.0,639.0,1381.0,2930.0,3374.0,3549.0,3636.5,3851.0,non_tambang
263.0,1676.5,710.0,241.0,570.0,300.5,994.5,2744.0,3300.0,3427.5,3688.0,3609.5,non_tambang
470.5,2190.0,1527.5,436.5,672.0,728.0,1228.5,2103.0,2184.0,2235.5,2620.5,3118.0,non_tambang
367.0,2452.5,1756.0,609.0,758.5,983.0,1352.0,2296.5,2569.5,2245.0,2825.0,3543.5,non_tambang
470.5,2200.0,1377.5,325.5,756.0,400.5,1363.0,2812.5,3137.0,4166.0,3556.0,3118.0,non_tambang
213.5,1530.5,646.5,224.0,504.0,271.0,962.0,2532.0,3050.5,3101.0,3408.0,3583.5,non_tambang
212.0,1748.0,684.0,221.0,480.5,227.0,913.5,2940.5,3513.5,3908.0,3765.5,4022.5,non_tambang
333.5,1940.5,827.0,226.5,512.5,254.5,908.0,3177.5,3877.0,3922.0,4364.0,3706.5,non_tambang
292.5,1869.5,830.0,215.0,451.5,249.5,1004.0,2562.0,3052.5,2673.5,3311.5,3541.5,non_tambang
281.5,2042.5,976.0,241.0,478.5,283.5,1110.0,2794.5,3309.5,3185.0,3616.5,3894.5,non_tambang
257.5,1871.0,827.5,243.5,511.0,271.0,989.0,2584.5,2983.5,3466.5,3350.5,3633.0,non_tambang
229.5,1931.0,834.0,204.5,445.0,251.0,969.0,2960.0,3454.0,3053.0,3805.0,3870.0,non_tambang
239.5,1670.0,730.0,208.0,416.5,265.5,851.5,2513.5,3012.0,3239.5,3383.5,3113.0,non_tambang
242.5,1780.0,767.0,249.0,571.5,280.0,1104.0,2810.5,3244.5,3214.0,3561.0,3428.0,non_tambang
167.0,1229.0,479.0,194.5,368.0,219.0,740.5,2126.5,2593.5,2631.5,2907.5,2934.5,non_tambang
242.0,1588.5,677.0,228.0,463.5,269.5,828.5,2287.5,2714.0,3118.0,3035.0,3098.5,non_tambang
270.5,1844.0,795.0,267.5,477.5,284.5,978.5,2664.5,3217.5,3328.0,3543.5,3079.5,non_tambang
262.0,1382.5,582.5,241.0,409.0,258.5,790.5,2198.5,2583.5,2473.0,2901.5,2892.5,non_tambang
272.5,1520.0,650.5,261.0,385.0,257.0,862.5,2254.5,2770.0,2525.0,3105.0,2987.0,non_tambang
647.5,1869.5,899.0,1436.5,1273.5,950.5,1417.5,2754.0,3283.0,3093.0,3590.0,3401.0,non_tambang
236.0,1443.5,638.0,254.5,397.5,288.0,801.0,2062.5,2475.5,2326.0,2839.5,2668.5,non_tambang
253.0,1865.0,825.5,259.5,516.5,324.0,1029.0,2770.5,3313.5,3201.5,3747.5,3678.5,non_tambang
232.5,1596.5,653.0,189.0,395.5,208.0,936.0,2910.0,3620.5,3271.5,3854.0,3546.5,non_tambang
308.0,1311.5,588.0,209.5,325.0,245.5,690.5,1767.0,2072.0,1937.0,2323.0,2400.0,non_tambang
178.5,1173.0,474.5,134.5,210.0,153.5,591.0,1681.0,2028.0,1524.5,2391.0,2388.0,non_tambang
188.0,1348.5,587.5,209.5,375.5,273.5,682.0,1827.0,2177.0,2291.0,2554.0,2535.5,non_tambang
219.0,1038.0,487.0,176.0,260.0,213.5,565.5,1411.5,1726.5,1540.5,1915.5,1923.5,non_tambang
159.5,984.5,436.5,174.5,268.5,222.5,551.5,1556.5,1899.5,1939.0,2166.5,2036.5,non_tambang
176.5,1116.5,491.0,189.0,397.0,224.0,690.0,1826.5,2112.5,2300.5,2440.0,2348.5,non_tambang
121.0,878.5,376.5,129.5,227.5,175.5,475.5,1247.5,1523.5,1540.5,1745.5,1782.5,non_tambang
163.5,996.0,447.0,138.5,211.5,169.0,427.0,1143.0,1451.5,1551.5,1650.0,1674.5,non_tambang
111.0,1009.5,434.0,110.0,209.0,154.0,340.5,986.5,1241.0,1365.5,1422.5,1589.0,non_tambang
109.5,947.5,384.0,81.0,193.5,128.0,517.5,1724.0,2138.0,1902.5,2376.5,2384.5,non_tambang
142.0,916.0,411.0,171.0,281.0,210.0,544.0,1428.0,1777.0,1893.0,2026.5,1973.5,non_tambang
182.5,1409.0,591.0,193.0,473.0,249.0,883.0,2500.5,2993.5,3016.5,3286.0,2752.5,non_tambang
174.0,1215.0,538.0,147.0,293.5,212.0,693.5,1857.0,2097.5,1924.5,2381.5,2639.0,non_tambang
214.0,1337.5,601.5,242.0,342.5,290.5,666.0,1951.0,2537.5,2970.5,2856.5,2609.5,non_tambang
155.0,870.0,347.0,106.5,194.5,153.0,376.5,1145.5,1372.0,1517.0,1593.5,1858.5,non_tambang
188.0,836.5,396.5,200.0,252.5,267.0,525.5,1052.0,1220.5,1234.5,1362.0,1488.0,non_tambang
212.0,1182.0,521.0,154.0,242.0,176.0,526.0,1416.0,1543.0,1476.0,1585.0,1841.0,non_tambang
203.0,1215.0,519.0,174.0,252.0,183.0,501.0,1406.0,1667.0,1588.0,1888.0,1909.0,non_tambang
189.0,1354.0,519.0,188.0,286.0,205.0,571.0,2080.0,2575.0,2352.0,2788.0,2776.0,non_tambang
193.0,1126.0,466.0,167.0,294.0,195.0,553.0,1507.0,1881.0,1976.0,2194.0,2381.0,non_tambang
195.0,1098.0,457.0,156.0,248.0,168.0,508.0,1554.0,1797.0,1657.0,2032.0,1891.0,non_tambang
810.0,1644.0,1208.0,802.0,1038.0,973.0,1553.0,2759.0,3150.0,3042.0,3463.0,3387.0,non_tambang
321.0,1679.0,803.0,321.0,556.0,288.0,979.0,2581.0,2932.0,3124.0,3387.0,3469.0,non_tambang
439.0,1734.0,744.0,404.0,616.0,406.0,1008.0,2580.0,3072.0,3112.0,3382.0,3429.0,non_tambang
445.0,1743.0,778.0,410.0,650.0,363.0,996.0,2889.0,3587.0,3744.0,3953.0,3094.0,non_tambang
358.0,1401.0,610.0,299.0,425.0,258.0,709.0,2115.0,2578.0,2460.0,2869.0,2996.0,non_tambang
467.0,2876.0,1560.0,568.0,1134.0,814.0,1885.0,3298.0,3812.0,4448.0,4450.0,3787.0,non_tambang
280.5,1680.5,742.5,337.5,630.0,332.5,897.5,2587.0,3034.5,3694.0,3383.0,3105.5,non_tambang
642.5,1893.0,1034.5,833.0,862.0,637.0,1157.5,2694.5,3230.5,3463.5,3606.0,4243.5,non_tambang
406.0,1741.0,745.0,312.0,548.0,299.0,932.0,2742.0,3167.0,3696.0,3461.0,3069.0,non_tambang
177.0,1336.0,558.5,179.5,358.5,234.0,720.0,2254.0,2798.5,3045.0,3072.5,2567.5,non_tambang
145.5,924.5,395.0,131.0,202.5,171.5,506.5,1300.0,1582.0,1577.5,1837.0,1918.5,non_tambang
140.0,945.0,422.0,136.0,240.5,190.0,482.5,1472.0,1852.0,1856.0,2100.0,2028.0,non_tambang
117.0,833.5,334.0,84.5,189.5,142.0,444.5,1343.0,1621.5,1777.0,1877.0,1885.5,non_tambang
120.0,898.0,374.5,135.5,240.0,165.5,405.5,1245.0,1536.5,1639.0,1744.5,1792.0,non_tambang
3576.0,3030.0,2030.0,3511.5,3444.0,3289.0,3669.0,4278.0,4436.0,4535.5,4614.5,6272.0,non_tambang
784.0,1814.5,1197.5,1137.5,1169.5,996.5,1306.0,2454.0,2811.5,2950.5,3077.0,3477.0,non_tambang
209.5,1670.5,699.0,214.0,442.5,281.0,884.0,2743.0,3372.0,3385.5,3793.0,3543.0,non_tambang
169.5,1256.5,534.5,162.0,300.0,203.5,694.5,1963.5,2342.0,2383.0,2661.0,2517.5,non_tambang
1137.5,2736.5,1790.0,965.5,1339.0,1196.5,2060.5,3861.5,4395.5,4636.0,4747.0,4724.5,non_tambang
278.0,1270.0,523.0,279.0,452.0,294.0,744.0,2073.0,2492.0,2680.0,2869.0,2633.0,non_tambang
421.0,1138.0,556.0,404.0,414.0,370.0,603.0,1348.0,1693.0,1572.0,1935.0,2242.0,non_tambang
287.0,1559.0,687.0,256.0,508.0,293.0,945.0,2438.0,2816.0,3082.0,3166.0,3154.0,non_tambang
173.5,1306.5,533.0,166.0,361.0,196.0,631.0,1888.5,2253.0,2448.0,2447.0,2026.0,non_tambang
319.0,1200.0,564.0,268.0,304.0,223.0,650.0,1657.0,1988.0,1848.0,2190.0,1988.0,non_tambang
422.0,1730.0,787.0,392.0,571.0,356.0,995.0,3018.0,3583.0,3516.0,3945.0,3368.0,non_tambang
460.0,1172.0,534.0,313.0,417.0,306.0,729.0,2001.0,2358.0,2470.0,2678.0,2488.0,non_tambang
588.0,1811.0,855.0,467.0,615.0,479.0,1022.0,2314.0,2727.0,2886.0,3148.0,3520.0,non_tambang
666.5,1539.5,825.5,906.0,1098.5,991.0,1297.0,2144.5,2362.5,2634.5,2511.5,2678.5,non_tambang
976.5,1693.0,1143.0,1058.0,1142.5,1027.0,1441.0,2457.5,2799.0,2744.0,3078.5,3110.5,non_tambang
944.0,1853.5,1282.0,979.0,1087.5,947.5,1394.5,2473.5,2777.0,2755.5,3020.0,3081.0,non_tambang
191.5,1169.5,478.5,177.0,345.5,228.0,754.5,2048.0,2457.5,2469.5,2822.5,3003.0,non_tambang
188.5,1366.5,565.5,187.0,387.0,236.5,792.5,2053.0,2423.0,2414.0,2752.5,2891.5,non_tambang
1133.0,1863.5,1234.5,1253.0,1094.0,867.0,1455.0,2588.5,2956.5,2744.0,3228.0,3937.5,non_tambang
242.0,1183.0,498.0,250.5,351.0,245.0,694.5,1943.0,2380.0,2449.0,2799.0,2708.0,non_tambang
575.0,1799.0,973.0,680.0,862.0,538.0,1146.5,2521.0,2899.5,3424.0,3281.5,3289.0,non_tambang
143.0,958.5,416.0,137.5,235.0,187.5,467.5,1338.5,1645.5,1700.0,1862.5,1836.0,non_tambang
150.0,1092.5,466.0,131.5,242.5,172.5,573.5,1558.5,1915.0,1756.5,2171.5,2238.0,non_tambang
244.5,1077.5,506.0,170.0,254.0,193.0,548.5,1634.0,1932.5,1741.5,2168.5,2273.5,non_tambang
255.0,1139.5,577.0,256.5,365.5,341.5,679.5,1368.5,1606.0,1769.5,1871.5,1825.5,non_tambang
228.0,1403.5,691.5,209.0,356.0,294.0,686.0,1458.5,1715.0,1807.0,1972.0,2089.5,non_tambang
252.0,1565.5,646.0,236.0,471.0,284.0,863.0,2879.5,3681.0,3696.5,4109.5,3972.5,non_tambang
256.5,1236.5,576.0,247.0,373.5,305.0,683.5,1875.0,2129.5,2181.5,2506.0,2578.5,non_tambang
288.5,2118.0,1158.0,568.0,808.5,752.0,1271.0,2945.0,3426.5,2630.0,3659.5,3630.0,non_tambang
299.0,1982.0,916.0,268.0,626.0,306.0,1152.0,3099.0,3480.0,3616.0,3809.0,3902.0,non_tambang
187.0,1089.0,493.0,198.0,374.0,216.0,764.0,1689.0,1976.0,1994.0,2176.0,2237.0,non_tambang
205.0,1978.0,913.0,285.0,698.0,283.0,1055.0,3731.0,4511.0,4771.0,4849.0,4276.0,non_tambang
282.0,1951.0,808.0,227.0,473.0,199.0,1045.0,3189.0,3939.0,3488.0,4236.0,3906.0,non_tambang
264.0,1526.0,733.0,436.0,652.0,582.0,825.0,1872.0,2413.0,2803.0,2636.0,2924.0,non_tambang
157.0,1396.0,550.0,124.0,337.0,146.0,753.0,2490.0,3163.0,2944.0,3536.0,3578.0,non_tambang
120.0,1513.0,663.0,197.0,484.0,204.0,819.0,2768.0,3527.0,3473.0,4008.0,3485.0,non_tambang
190.0,1578.5,663.5,216.0,466.0,289.0,861.5,2742.5,3373.0,3379.0,3736.0,3698.0,non_tambang
276.5,1220.0,599.5,218.0,436.0,234.5,724.5,1755.0,1999.0,2602.5,2297.0,2526.5,non_tambang
247.0,1494.0,716.5,255.0,473.0,295.0,849.5,2332.0,2789.5,2950.5,3117.0,3246.0,non_tambang
